rank,candidate_id
1,CH-GL8L0I
2,CH-FQOJOB
3,CH-O29P9L
4,CH-1RLRCH
5,CH-3NO57O
6,CH-4CC9HS
7,CH-51OVXE
8,CH-MR0GGJ
9,CH-U73R8O
10,CH-S29BXR
11,CH-8HGFIB
12,CH-MWG0NB
13,CH-H0R9QO
14,CH-PIQWDL
15,CH-7Z3EEK
16,CH-H0G5Q1
17,CH-RNS77U
18,CH-K3VX92
19,CH-RHFV2Z
20,CH-Z1S8ON
21,CH-H99ZKB
22,CH-MPI5T7
23,CH-VO1325
24,CH-ZAA38A
25,CH-2PWT88
26,CH-U5LROA
27,CH-V6EOG6
28,CH-ACZ2VN
29,CH-U5J53B
30,CH-PYHQB8
31,CH-QA8F1K
32,CH-BWT7LH
33,CH-1GUV4Z
34,CH-M1KH7B
35,CH-KGQML0
36,CH-0W3ZRJ
37,CH-I7DIH1
38,CH-JE4G04
39,CH-ALZASI
40,CH-SWTX72
41,CH-MXAA34
42,CH-2W4599
43,CH-3UPMW9
44,CH-RXVJSE
45,CH-IG0Q7T
46,CH-2P86G7
47,CH-97P5ZA
48,CH-LVJYZC
49,CH-HW3OG4
50,CH-XTJCG0
51,CH-E330R1
52,CH-UBNG68
53,CH-5SN240
54,CH-4TONZU
55,CH-G6OJB2
56,CH-7BPP3I
57,CH-OHR4WG
58,CH-MSJ36K
59,CH-LZNF6D
60,CH-OY5QBH
61,CH-64KK4M
62,CH-MBE7AF
63,CH-TTBJHN
64,CH-PFVPOI
65,CH-AV0EVH
66,CH-QWICW4
67,CH-EEX74N
68,CH-Y6UJ5M
69,CH-QV9FRS
70,CH-ZJLBWD
71,CH-8DY4OC
72,CH-N4LUID
73,CH-1ANI8N
74,CH-10VOBI
75,CH-20SG1N
76,CH-7I5B6Q
77,CH-QAMJ7N
78,CH-5SSA8L
79,CH-ZIX9KY
80,CH-OIHLML
81,CH-OQMSZW
82,CH-6OOI1D
83,CH-K2AAOZ
84,CH-EA96NR
85,CH-BXPRCP
86,CH-D8I164
87,CH-V8GJM4
88,CH-SMAPAI
89,CH-4HLG29
90,CH-QAYHZV
91,CH-TJ5UXF
92,CH-MFXPJI
93,CH-SE37XM
94,CH-7YAGJH
95,CH-PX3HWX
96,CH-NOMW3M
97,CH-0W1USG
98,CH-2ZTXVN
99,CH-JI89ZN
100,CH-VQRBXN
101,CH-54S0NS
102,CH-HHHBLP
103,CH-134FMT
104,CH-0JDXZF
105,CH-FFRR0Q
106,CH-VMINLE
107,CH-MB8GJ6
108,CH-TDESBE
109,CH-V4YLB4
110,CH-ODBL4Y
111,CH-Y0QZDG
112,CH-QFD3YH
113,CH-C2X2HB
114,CH-LH3I14
115,CH-MT9KI7
116,CH-LUTD4G
117,CH-FXJYMV
118,CH-MJLRQ9
119,CH-3G39BS
120,CH-DWNIHP
121,CH-HYV7LG
122,CH-5YY1ZS
123,CH-PCJAJH
124,CH-DMGT0P
125,CH-MP01OM
126,CH-T9VE72
127,CH-JLGWVF
128,CH-5KDYV4
129,CH-IOYBV8
130,CH-QIAXM7
131,CH-32YPXC
132,CH-4J4J1H
133,CH-XP4PM7
134,CH-4MA530
135,CH-VB58TY
136,CH-1RLB0H
137,CH-DW5KV8
138,CH-KT06SN
139,CH-G7CLOL
140,CH-45J4NM
141,CH-X6GZPT
142,CH-57OTR2
143,CH-M2JT9I
144,CH-C1P7Z9
145,CH-M3UKC1
146,CH-21426O
147,CH-YE2XP8
148,CH-NISAIM
149,CH-JHWGHS
150,CH-Z73E3F
151,CH-N1T2UJ
152,CH-P9PEQ3
153,CH-KY74EN
154,CH-4CDO3H
155,CH-YVSSH9
156,CH-1FMV1E
157,CH-FCFBKN
158,CH-LIKZXS
159,CH-K0NCAF
160,CH-HR09RX
161,CH-DIHQCB
162,CH-48Q66H
163,CH-9QWUNL
164,CH-U842QK
165,CH-13NCBR
166,CH-9BOQMO
167,CH-7UXON5
168,CH-OUGE7U
169,CH-PM6R6E
170,CH-F291R8
171,CH-7HTSIL
172,CH-UZC4SW
173,CH-X4EF4M
174,CH-HFO501
175,CH-MT7HLR
176,CH-E6XMKN
177,CH-5M1HGF
178,CH-FN95XE
179,CH-ALDR01
180,CH-O4SS19
181,CH-ZXQNL5
182,CH-88R81U
183,CH-YI41J4
184,CH-7L9BBG
185,CH-DC1QCH
186,CH-6HRZEN
187,CH-8NY1R4
188,CH-8TR73T
189,CH-00TGFE
190,CH-UBVJS4
191,CH-LATPSA
192,CH-T2EC3W
193,CH-ZHDFRW
194,CH-W40G26
195,CH-PHY0ON
196,CH-GEKXOS
197,CH-ACS6OT
198,CH-S5JP06
199,CH-42NLS7
200,CH-8X6FOY
201,CH-1F5UOI
202,CH-HYZLES
203,CH-LXEIR7
204,CH-QOCBQP
205,CH-D07FE6
206,CH-U9Y0PU
207,CH-H4DLOV
208,CH-B2MMSW
209,CH-RGZQZI
210,CH-RN6SXG
211,CH-4V6SIJ
212,CH-HEXLYT
213,CH-MK94LD
214,CH-SSCVNZ
215,CH-MQ17ZW
216,CH-176ODU
217,CH-S56JWS
218,CH-7SIC96
219,CH-PN38OI
220,CH-MGO0Z9
221,CH-4I71DB
222,CH-E9GU4S
223,CH-0DWDF3
224,CH-IIOQLM
225,CH-KB91KP
226,CH-42J7II
227,CH-8CC4QM
228,CH-LM5EVR
229,CH-MON242
230,CH-UZUDUP
231,CH-WRAVFH
232,CH-9AOTB0
233,CH-P6HP0V
234,CH-RGIKLJ
235,CH-MCI1H0
236,CH-ORT543
237,CH-GDYJBW
238,CH-1704EC
239,CH-IU9TLO
240,CH-Y05IWZ
241,CH-0UWFTA
242,CH-DWW52N
243,CH-1FGP9N
244,CH-G1QL92
245,CH-W63200
246,CH-F4VW8O
247,CH-GPLMEW
248,CH-65C8G1
249,CH-1GMUGF
250,CH-ZKWOXY
251,CH-IZFBKC
252,CH-F14NC8
253,CH-6KX9MB
254,CH-56Q94Q
255,CH-JL5PNX
256,CH-W35UXR
257,CH-1IGPJ8
258,CH-J9ZOYV
259,CH-Q62B2X
260,CH-B04FBF
261,CH-F4BS8Z
262,CH-5ECBPR
263,CH-Q6A9FN
264,CH-YXVRO0
265,CH-77398V
266,CH-CIKPWY
267,CH-YW2RMV
268,CH-9GAM6B
269,CH-H4742B
270,CH-VSOZZT
271,CH-L82QYP
272,CH-P2PR2A
273,CH-ZTJEEW
274,CH-VHYKEB
275,CH-ZLFUPR
276,CH-S4ET0Z
277,CH-9Y2FZN
278,CH-I96FL8
279,CH-MYX94C
280,CH-H3H71S
281,CH-PU4I62
282,CH-K75L7E
283,CH-LWUN88
284,CH-BNWJ0N
285,CH-25KU8K
286,CH-J6IRVE
287,CH-FNS8YF
288,CH-XLQJSK
289,CH-KTKFSB
290,CH-I8WPMX
291,CH-0F3MDN
292,CH-Q1NARL
293,CH-EQ2IB5
294,CH-2SIRFQ
295,CH-YH48FO
296,CH-NQ1LRQ
297,CH-DIQNIP
298,CH-0WXEGX
299,CH-OCO9HH
300,CH-ZWC4AA
301,CH-OLW9EI
302,CH-VV1DOM
303,CH-K3HV6O
304,CH-ARG62J
305,CH-FGMJ8J
306,CH-MX1UGJ
307,CH-GBPDLB
308,CH-RQKDXT
309,CH-1NKEJ3
310,CH-AZBURK
311,CH-KH9GA7
312,CH-1Z9VY4
313,CH-3LKVCR
314,CH-7NZKEX
315,CH-S71DZO
316,CH-DNVAZ6
317,CH-DLSUFO
318,CH-CIJGYU
319,CH-FMMHIS
320,CH-RTUW6H
321,CH-DZA31S
322,CH-56FCQL
323,CH-BGWNSS
324,CH-0WKNWI
325,CH-54PD24
326,CH-OKZ01M
327,CH-13G62O
328,CH-IUQ6PE
329,CH-CTR9L0
330,CH-UJ8OLF
331,CH-4ZGV8O
332,CH-96S5QQ
333,CH-U4V686
334,CH-IJ7PP2
335,CH-81E1UL
336,CH-QYHNSR
337,CH-Q3VIWM
338,CH-YEQLBC
339,CH-GFIQ2C
340,CH-E90XCM
341,CH-YU9E5R
342,CH-493A67
343,CH-OPXA9Y
344,CH-5U2NTG
345,CH-6YRGEK
346,CH-XE4KZ1
347,CH-OSD8MJ
348,CH-H8P5A4
349,CH-Z8ESG5
350,CH-U2YUP3
351,CH-8WVANV
352,CH-B5K9SD
353,CH-9PPWR1
354,CH-OEHSR7
355,CH-XKWS6C
356,CH-UGWTEH
357,CH-3CLYQO
358,CH-P4LP6M
359,CH-OMQUUQ
360,CH-085WNA
361,CH-ERMOD6
362,CH-1SBC7S
363,CH-XS8U39
364,CH-R9D1FL
365,CH-07EKQC
366,CH-G0WMIE
367,CH-FFAIB8
368,CH-N89A87
369,CH-JJ86Q7
370,CH-POG3SM
371,CH-OV4NDX
372,CH-B2I22H
373,CH-QOGWJ0
374,CH-LKIC6H
375,CH-LRA3V6
376,CH-6LTRJF
377,CH-BXFZ57
378,CH-J0HIKH
379,CH-ID0LLW
380,CH-JHTFBN
381,CH-U89359
382,CH-OKKXR6
383,CH-7AK7V5
384,CH-OHG529
385,CH-L4RMJL
386,CH-NBRD2Z
387,CH-8OI1HC
388,CH-9NVS95
389,CH-MTIN7Q
390,CH-UD3HPV
391,CH-FVIDKE
392,CH-93RU6C
393,CH-8Y8MRE
394,CH-HFNXG3
395,CH-JJQ7QV
396,CH-6AKQS7
397,CH-GR1NR9
398,CH-RBJZ0S
399,CH-FMV2D5
400,CH-G4BOM8
401,CH-9TIGDG
402,CH-D1X2KH
403,CH-A2374G
404,CH-MG7EHH
405,CH-EQU8US
406,CH-OD6YYA
407,CH-TRCCWB
408,CH-LN9PQ0
409,CH-NCPQM3
410,CH-2C1X0N
411,CH-2EH2TF
412,CH-PD8ME3
413,CH-3DH0NB
414,CH-CM0PHS
415,CH-T4SK8K
416,CH-7E56H1
417,CH-8LJVXM
418,CH-FRW2OR
419,CH-YQ9XPX
420,CH-TWHK3T
421,CH-1KJ1L2
422,CH-L0UVKK
423,CH-IQKIWV
424,CH-BDC6L0
425,CH-SOB5S3
426,CH-1ZRVG4
427,CH-PKJUV4
428,CH-B71IXX
429,CH-AQCT8B
430,CH-5EDR3K
431,CH-WAG164
432,CH-SYA2Z7
433,CH-YGJQAA
434,CH-UVCPCA
435,CH-Z75SBF
436,CH-BXUW9U
437,CH-XU2NJG
438,CH-8M4CCS
439,CH-66J2BW
440,CH-9BUM5W
441,CH-F2RP96
442,CH-QSIAH2
443,CH-BXDMFM
444,CH-53MVER
445,CH-1ZVOWQ
446,CH-6V6I5J
447,CH-GEGIZJ
448,CH-Y3Z6GU
449,CH-D7F5KR
450,CH-Z9LCEK
451,CH-J86TFI
452,CH-CTFUSY
453,CH-BOGFSX
454,CH-TVGD1P
455,CH-7OGVYK
456,CH-S9FW0V
457,CH-O5H4VF
458,CH-KM7HFG
459,CH-VVTSRZ
460,CH-MBT11N
461,CH-CQZWCS
462,CH-DH09KR
463,CH-US5MWY
464,CH-9V9JP1
465,CH-LX77L7
466,CH-XLNTLZ
467,CH-WJZNVV
468,CH-D9U01A
469,CH-289R2P
470,CH-LV11CZ
471,CH-Z32AU5
472,CH-6EYP2T
473,CH-JHG452
474,CH-RDPRX4
475,CH-UYC8EQ
476,CH-U6C9J6
477,CH-TYJUPC
478,CH-LN2MCR
479,CH-JUGZIP
480,CH-WJT0ZY
481,CH-NCPK5E
482,CH-B7PBM2
483,CH-XYKFOC
484,CH-V580R2
485,CH-D5IZKQ
486,CH-HBXH1F
487,CH-HBD6IX
488,CH-W41A0F
489,CH-M27DXJ
490,CH-P002AQ
491,CH-F1UBMW
492,CH-42Z7AA
493,CH-EYYRUI
494,CH-VR40EH
495,CH-F76PCS
496,CH-B4OFW9
497,CH-C1QRXL
498,CH-YJ3197
499,CH-ZUN6QZ
500,CH-ZFYB3P
